<?xml version="1.0" encoding="UTF-8"?>
<project-private xmlns="http://www.netbeans.org/ns/project-private/1">
    <editor-bookmarks xmlns="http://www.netbeans.org/ns/editor-bookmarks/2" lastBookmarkId="0"/>
    <open-files xmlns="http://www.netbeans.org/ns/projectui-open-files/2">
        <group>
            <file>file:/C:/Users/dung9/OneDrive/Documents/NetBeansProjects/SWP391_demo/web/Login.jsp</file>
            <file>file:/C:/Users/dung9/OneDrive/Documents/NetBeansProjects/SWP391_demo/src/java/Controller/AdminManageServlet.java</file>
            <file>file:/C:/Users/dung9/OneDrive/Documents/NetBeansProjects/SWP391_demo/src/java/Controller/LoginSeverlet.java</file>
            <file>file:/C:/Users/dung9/OneDrive/Documents/NetBeansProjects/SWP391_demo/web/index.html</file>
        </group>
    </open-files>
</project-private>
