<?xml version="1.0" encoding="UTF-8"?>
<project-private xmlns="http://www.netbeans.org/ns/project-private/1">
    <editor-bookmarks xmlns="http://www.netbeans.org/ns/editor-bookmarks/2" lastBookmarkId="0"/>
    <open-files xmlns="http://www.netbeans.org/ns/projectui-open-files/2">
        <group>
            <file>file:/C:/Users/dung9/OneDrive/Documents/NetBeansProjects/SWP391/web/ViewClass.jsp</file>
            <file>file:/C:/Users/dung9/OneDrive/Documents/NetBeansProjects/SWP391/web/TeacherCourses.jsp</file>
            <file>file:/C:/Users/dung9/OneDrive/Documents/NetBeansProjects/SWP391/web/CreateQuiz.jsp</file>
            <file>file:/C:/Users/dung9/OneDrive/Documents/NetBeansProjects/SWP391/src/java/Model/Constants.java</file>
            <file>file:/C:/Users/dung9/OneDrive/Documents/NetBeansProjects/SWP391/src/java/Controller/ViewClassServlet.java</file>
            <file>file:/C:/Users/dung9/OneDrive/Documents/NetBeansProjects/SWP391/web/ViewCourses.jsp</file>
            <file>file:/C:/Users/dung9/OneDrive/Documents/NetBeansProjects/SWP391/web/Login.jsp</file>
        </group>
    </open-files>
</project-private>
